{
  "users": [
    {
      "id": "1",
      "username": "user",
      "password": "pass"
    },
    {
      "id": "d946",
      "name": "JEFRY Smith",
      "email": "pranavram176@gmail.com",
      "password": "123"
    },
    {
      "id": "f99c",
      "name": "Pranav",
      "email": "pranavram106@gmail.com",
      "password": "12345"
    },
    {
      "id": "68be",
      "username": "JEFRY SMOOTH",
      "password": "123"
    },
    {
      "id": "52e9",
      "username": "JEFRY SMOOTH",
      "password": "123"
    },
    {
      "id": "0713",
      "name": "Pranav",
      "email": "pranavram16@gmail.com",
      "password": "345"
    },
    {
      "id": "1f8c",
      "username": "Pranav",
      "password": "345"
    },
    {
      "name": "Pranav",
      "email": "pranavram106@gmail.com",
      "password": "123",
      "id": "2WWpbrM"
    },
    {
      "username": "Pranav",
      "password": "123",
      "id": "eTEv08u"
    }
  ],
  "workouts": [
    {
      "id": "1",
      "title": "Morning Routine",
      "description": "A great way to start the day with energy."
    },
    {
      "id": "2",
      "title": "Evening Cardio",
      "description": "End your day with a refreshing cardio session."
    }
  ]
}